id,first_name,last_name,address,city,state,zip,email,phonenumber,name,type
1,Altaf,Khan,Panvel,Mumbai,Maharashtra,410222,ak@123,9665566123,Altaf,Profession
2,Rauf,Majgaokar,Mumbra,Thane,Maharashtra,420569,rauf@gmail.com,9866532214,Rauf,"My Family"
3,Kiran,urshil,Bajajnagar,Pune,Maharashtra,423568,kirrran@yahoo.com,8956274130,Kiran,"My Friend"
4,Muskan,Siddiqui,Pimpri,Pune,Maharashtra,452698,muski@gmail990,8554956765,Muskan,"My Family"
6,Rose,Mir,Mirzapur,Bhopal,MP,886004,RoseMir34@gmail.com,77756898644,Rose,Profession
7,ShlokBabu,Kumar,kalyugnagar,Siwan,Bihar,562887,kumarji@789,8553247169,SholkBabu,Profession
